"uid","cid","officeid","date_from","date_until","note"
 "GB008","7","10",NULL,NULL,NULL
 "GB011","10","1","1669","1682",NULL
 "GB018","4","9",NULL,"1685",NULL
 "GB019","7","13",NULL,NULL,NULL
 "GB022","7","6",NULL,NULL,NULL
 "GB022","7","4",NULL,NULL,NULL
 "GB028","7","11",NULL,NULL,NULL
 "GB028","7","12",NULL,NULL,NULL
 "LS011","26","14",NULL,NULL,NULL
 "LS012","26","10","1767","1772",NULL
 "GB038","7","3",NULL,NULL,NULL
 "GB047","7","11",NULL,NULL,NULL
 "LA238","2","9","1762","1784",NULL
 "LA226","2","9","1715","1727",NULL
 "LS031","26","9",NULL,NULL,NULL
 "LS032","26","5",NULL,NULL,NULL
 "LS035","26","10","1724","1726",NULL
 "LS035","26","9",NULL,NULL,NULL
 "LS039","26","5",NULL,NULL,NULL
 "LS044","26","14","1773","1776",NULL
 "LS045","26","9","1786","1816",NULL
 "LS050","26","1",NULL,NULL,NULL
 "LS058","26","14","1669","1674",NULL
 "LS060","26","10","1700","1705",NULL
 "LS060","26","9","1720","1729",NULL
 "GB071","9","1","1657","1661",NULL
 "GB074","7","4",NULL,NULL,NULL
 "LS061","26","9","1770","1781",NULL
 "LS061","26","10","1762","1767",NULL
 "LS061","26","7","1767",NULL,NULL
 "LS061","26","14","1769",NULL,NULL
 "LS061","26","12",NULL,NULL,NULL
 "LS061","26","15",NULL,NULL,NULL
 "LS061","26","1",NULL,NULL,NULL
 "LS066","26","9","1698","1720",NULL
 "LS066","26","14",NULL,NULL,NULL
 "LS067","26","10","1735","1740",NULL
 "LS067","26","14","1740",NULL,NULL
 "LS082","26","10","1696","1700",NULL
 "LS089","26","7",NULL,NULL,NULL
 "GB104","7","4",NULL,NULL,NULL
 "GB118","7","1","1650","1696",NULL
 "GB118","7","9",NULL,NULL,NULL
 "LS101","26","9","1652","1698",NULL
 "LS108","26","5",NULL,NULL,NULL
 "BB145","4","4",NULL,NULL,NULL
 "BB145","4","2",NULL,NULL,NULL
 "BB145","4","10",NULL,NULL,NULL
 "GB121","7","2",NULL,NULL,NULL
 "GB126","7","4",NULL,NULL,NULL
 "GB136","7","4",NULL,NULL,NULL
 "GB136","7","2",NULL,NULL,NULL
 "GB139","7","6",NULL,NULL,NULL
 "LS133","26","15",NULL,NULL,NULL
 "GB157","4","7","1652  app","1658",NULL
 "MW153","21","16","1677","1678","Dolebank"
 "GB168","7","4",NULL,NULL,NULL
 "GB168","9","1","1667","1687 15 Dec",NULL
 "LS152","26","14",NULL,NULL,NULL
 "LS163","26","14",NULL,"1739",NULL
 "LS163","26","9","1739",NULL,NULL
 "LS171","26","10","1652","1658",NULL
 "LS171","26","9",NULL,NULL,NULL
 "LS172","26","10","1757","1762",NULL
 "LS177","26","10","1661","1666",NULL
 "LS177","26","9",NULL,NULL,NULL
 "GP026","25","6",NULL,NULL,NULL
 "GP026","25","1","1667 Sep","1697",NULL
 "AC095","15","6",NULL,NULL,NULL
 "GB199","7","11",NULL,NULL,NULL
 "GB207","7","8",NULL,NULL,NULL
 "LS182","26","14",NULL,NULL,NULL
 "LS210","26","10","1746","1751",NULL
 "GB211","7","12",NULL,NULL,NULL
 "GB218","7","10",NULL,NULL,NULL
 "GB219","7","3",NULL,NULL,NULL
 "GB219","7","7",NULL,NULL,NULL
 "GB227","7","12",NULL,NULL,NULL
 "GB227","9","1","1662","1667",NULL
 "GB234","7","4",NULL,NULL,NULL
 "GB234","7","7",NULL,NULL,NULL
 "LS233","26","5",NULL,NULL,NULL
 "LS239","26","9","1781",NULL,NULL
 "LS245","26","9","1749","1770",NULL
 "LS245","26","15",NULL,NULL,NULL
 "GB248","7","8",NULL,NULL,NULL
 "GB251","7","7",NULL,NULL,NULL
 "GB118","7","7",NULL,NULL,NULL
 "LC045","15","9",NULL,NULL,NULL
 "LA201","2","10","1653",NULL,NULL
 "BA145","1","9","1766 Aug","1807",NULL
 "AC020","13","9","1700","1714",NULL
 "LA261","2","9","1652","1690",NULL
 "BB119","4","1","1762","1773",NULL
 "GP027","30","1","1658 Dec","1670",NULL
 "GP062","25","1","1697","1704",NULL
 "GP019","25","1","1705 Jan","1736",NULL
 "GP143","25","1","1609","1613",NULL
 "GP169","25","1","1779","1793",NULL
 "GP174","25","1","1793","1799",NULL
 "GP218","25","1","1736 April","1779",NULL
 "GP263","25","1","1654 Feb","1667",NULL
 "GP270","25","1","1615","1654",NULL
 "GP051","30","8","1644",NULL,NULL
 "GP045","30","11",NULL,NULL,NULL
 "GP213","25","1","1799","1813",NULL
 "GP229","25","11",NULL,NULL,NULL
 "GP229","30","11",NULL,NULL,NULL
 "GP257","30","6","1644",NULL,NULL
 "GP264","30","1","1644","1658",NULL
 "BB107","4","12","1616",NULL,NULL
 "BB107","7","1","1624","1629",NULL
 "LA172","1","3","1629",NULL,NULL
 "BA019","1","7","1655",NULL,NULL
 "BA019","1","9","1661","1693",NULL
 "BA027","1","10",NULL,NULL,NULL
 "BA036","1","10",NULL,NULL,NULL
 "GB101","7","1","1797","1809",NULL
 "GB101","7","9","1796",NULL,NULL
 "GB101","7","7",NULL,NULL,NULL
 "GB101","7","10",NULL,NULL,NULL
 "GB101","7","12",NULL,NULL,NULL
 "GB101","7","3",NULL,NULL,NULL
 "GB208","7","3",NULL,NULL,NULL
 "GB208","7","4",NULL,NULL,NULL
 "GB208","7","7",NULL,NULL,NULL
 "GB040","6","1","1663 28 Nov","1712",NULL
 "GB157","7","4","1652 app","1658",NULL
 "BB152","7","1","1642 Dec","1650 Apr",NULL
 "BD002","16","9","1712","1715",NULL
 "BD002","16","9","1718","1721",NULL
 "BD002","16","9","1724","1727",NULL
 "BD003","16","9","1727","1730",NULL
 "BD008","16","9","1667","1697",NULL
 "BD008","16","9","1700","1703",NULL
 "BD008","16","9","1706","1709",NULL
 "BD010","16","9","1783","1786",NULL
 "BD010","16","9","1789","1792",NULL
 "BD013","16","9","1730","1733",NULL
 "BD015","16","9","1709","1712",NULL
 "BD019","16","9","1786","1789",NULL
 "BD020","16","9","1703","1706",NULL
 "BD021","16","9","1733","1739",NULL
 "BD023","16","9","1743","1746",NULL
 "BD023","16","9","1752","1755",NULL
 "BD023","16","9","1764","1767",NULL
 "BD025","16","9","1697","1700",NULL
 "BD034","16","9","1661","1667",NULL
 "BA045","1","14",NULL,NULL,NULL
 "BD040","16","9","1721","1724",NULL
 "BD049","16","9","1715","1718",NULL
 "BD057","16","9","1739","1740",NULL
 "BD060","16","9","1746","1752",NULL
 "BD060","16","9","1755","1764",NULL
 "BD060","16","9","1767","1770",NULL
 "BD061","16","9","1770","1779",NULL
 "BD074","16","9","1780","1783",NULL
 "BD075","16","9","1740","1743",NULL
 "GB225","7","2",NULL,NULL,NULL
 "GB241","7","8",NULL,NULL,NULL
 "GB241","7","6",NULL,NULL,NULL
 "BB015","4","1","1599","1616",NULL
 "BB018","4","1","1651","1652",NULL
 "BB021","4","9","1672",NULL,NULL
 "BB021","4","1","1682","1713",NULL
 "BB022","4","10","1672",NULL,NULL
 "BB045","4","7",NULL,NULL,NULL
 "BB045","4","9",NULL,NULL,NULL
 "BB050","4","1","1719","1757",NULL
 "BB052","4","8","1652",NULL,NULL
 "BB053","4","11","1672",NULL,NULL
 "BB054","4","3","1672",NULL,NULL
 "BB056","4","7","1747",NULL,NULL
 "BB066","4","11","1640",NULL,NULL
 "BB068","4","4","1773",NULL,NULL
 "BB066","4","6","1652",NULL,NULL
 "BB066","4","9","1661",NULL,NULL
 "BB066","4","8","1672",NULL,NULL
 "BB068","4","7",NULL,NULL,NULL
 "BB068","4","10",NULL,NULL,NULL
 "BB068","4","11",NULL,NULL,NULL
 "BB076","4","1","1677","1682",NULL
 "BB082","4","8","1650",NULL,NULL
 "BB086","5","1","1623","1629",NULL
 "BB094","4","11","1652",NULL,NULL
 "BB033","4","13","1652",NULL,NULL
 "BB099","4","6","1672",NULL,NULL
 "BB105","4","6","1640",NULL,NULL
 "BB107","4","2","1619","1624",NULL
 "BB108","4","9","1652",NULL,NULL
 "BB111","4","7","1623",NULL,NULL
 "BB111","4","9","1639",NULL,NULL
 "BB111","4","1","1642","1651",NULL
 "BB117","4","7","1724",NULL,NULL
 "BB119","4","10",NULL,NULL,NULL
 "BB135","4","1","1616","1642",NULL
 "BB137","4","9","1642",NULL,NULL
 "BB139","4","3","1640",NULL,NULL
 "BB139","4","10","1642",NULL,NULL
 "BB139","4","4","1652",NULL,NULL
 "BB140","4","9","1773",NULL,NULL
 "BB140","4","1","1773","1794",NULL
 "BB145","4","9","1623",NULL,NULL
 "BB155","4","2","1672",NULL,NULL
 "BB156","4","7","1672",NULL,NULL
 "BB157","4","2",NULL,NULL,NULL
 "BB157","4","10",NULL,NULL,NULL
 "BB162","4","9","1640",NULL,NULL
 "BB162","4","9","1650",NULL,NULL
 "BB162","4","7","1652",NULL,NULL
 "BB166","4","4","1623",NULL,NULL
 "BB173","4","2",NULL,NULL,NULL
 "BB173","4","10",NULL,NULL,NULL
 "BB173","4","9",NULL,NULL,NULL
 "BB173","4","1","1796","1797",NULL
 "BB181","4","2","1640",NULL,NULL
 "BB181","4","2","1650",NULL,NULL
 "BB181","4","3","1652",NULL,NULL
 "BB182","4","10","1651",NULL,NULL
 "BB184","4","15","1672",NULL,NULL
 "BB185","4","6","1672",NULL,NULL
 "BB186","4","1","1652","1676",NULL
 "BB191","4","1","1713","1719",NULL
 "BB194","4","1","1757","1762",NULL
 "BB199","4","9","1630",NULL,NULL
 "BB199","4","9","1639",NULL,NULL
 "BB201","4","2","1652",NULL,NULL
 "BB064","4","4","1652",NULL,NULL
 "GP139","30","7","1644",NULL,NULL
 "GP139","30","8","1656","1658",NULL
 "GP139","30","1","1670 Mar","1701",NULL
 "AC095","15","9","1654","1679",NULL
 "GB234","7","1","1730 July","1736",NULL
 "LA024","2","10",NULL,NULL,NULL
 "LA039","2","11",NULL,NULL,NULL
 "LA040","2","3",NULL,NULL,NULL
 "LA040","2","14",NULL,NULL,NULL
 "LA041","2","7",NULL,NULL,NULL
 "LA069","2","10","1633","1642",NULL
 "LA073","2","14","1638",NULL,NULL
 "LA058","2","9","1570","1605","at St Ursula's"
 "LA070","2","14",NULL,NULL,NULL
 "AC018","13","9","1779","1784",NULL
 "AC018","13","11",NULL,NULL,NULL
 "AC018","13","6",NULL,NULL,NULL
 "LA108","2","14",NULL,NULL,NULL
 "AC079","13","9","1650","1659",NULL
 "AC088","13","9","1784","1797",NULL
 "AC088","13","9","1775","1778",NULL
 "AC096","15","9","1679","1700",NULL
 "AC113","13","9","1720","1721",NULL
 "AC132","13","9","1647","1649",NULL
 "AC140","13","9","1619","1644",NULL
 "AC143","13","9","1645","1647",NULL
 "LA218","2","14",NULL,NULL,NULL
 "LA201","2","2",NULL,NULL,NULL
 "LA203","1","9","1635","1640",NULL
 "LC065","15","9","1700","1743",NULL
 "GP126","25","1","1613 15 Dec","1615",NULL
 "MW033","21","6",NULL,NULL,NULL
 "LC073","15","14",NULL,NULL,NULL
 "BF109","17","1","1626","1640",NULL
 "LA251","2","9","1784","1812",NULL
 "LA254","2","9",NULL,NULL,NULL
 "LA267","2","9","1633","1652",NULL
 "LA078","2","9","1755","1762",NULL
 "LA186","2","9","1733","1755",NULL
 "LA200","2","9","1690","1715",NULL
 "BB063","7","4",NULL,NULL,NULL
 "BB063","4","11",NULL,NULL,NULL
 "BB063","4","3",NULL,NULL,NULL
 "BB063","4","4",NULL,NULL,NULL
 "LA274","2","10","1609",NULL,NULL
 "BA123","1","14",NULL,NULL,NULL
 "LA303","2","9","1609",NULL,NULL
 "BA101","1","9","1709  Mar","1744",NULL
 "BA071","1","9","1744","1766",NULL
 "BA221","1","14","1769",NULL,NULL
 "BA085","1","14",NULL,"1769",NULL
 "BA112","1","10","1723","1730",NULL
 "BA118","1","14","1738","1748",NULL
 "GP277","25","7",NULL,NULL,NULL
 "BA140","1","9","1807","1810",NULL
 "BA186","1","15",NULL,NULL,NULL
 "LA242","1","9","1629","1635",NULL
 "BA171","1","14",NULL,NULL,NULL
 "BA171","1","10",NULL,NULL,NULL
 "BA176","1","10","1693",NULL,NULL
 "LA272","1","14","1629","1637",NULL
 "BA228","1","9","1693 May","1709 Feb",NULL
 "LA297","2","10",NULL,NULL,NULL
 "LA305","2","14",NULL,NULL,NULL
 "LA313","2","10",NULL,NULL,NULL
 "LA319","2","9","1727","1733",NULL
 "LA004","1","7","1629",NULL,NULL
 "LA023","1","9","1640","1661",NULL
 "BB145","4","7",NULL,NULL,NULL
 "BB145","7","1","1629","1642",NULL
 "GP062","25","7","1688","1697",NULL
 "PA010","3","7","1811",NULL,NULL
 "PA023","3","10","1738",NULL,NULL
 "PA023","3","14","1744",NULL,NULL
 "PA023","3","10","1764","1769",NULL
 "PA057","3","14","1764","1790 (possibly later)",NULL
 "CB004","5","1","1681","1694 29 Jan",NULL
 "PA099","3","7","1785",NULL,NULL
 "PA109","3","7","1744",NULL,NULL
 "PA110","3","10","1714",NULL,NULL
 "PA014","3","9","1760","1765",NULL
 "PA032","3","9","1808","1820",NULL
 "PA135","3","7","1764","1785 aft",NULL
 "PA145","3","10","1769","1789",NULL
 "PA168","3","7","1706","1720",NULL
 "PA169","3","10","1744",NULL,NULL
 "PA177","3","14","1714","1722 at the earliest",NULL
 "PA179","3","9","1698","1720",NULL
 "PA194","3","14","1764","1764",NULL
 "PA199","3","9","1744","1752",NULL
 "PA205","3","14","1738","1741",NULL
 "PA002","3","14","1702","1714 (at the earliest)",NULL
 "OB067","9","1","1730","1753",NULL
 "PA035","3","14",NULL,NULL,NULL
 "PA043","3","9",NULL,NULL,NULL
 "PA052","3","9","1678","1694",NULL
 "PA052","3","7","1697",NULL,NULL
 "PA058","3","9","1828","1840",NULL
 "PA063","3","9","1663","1674",NULL
 "PA072","3","10","1704","1715",NULL
 "PA087","3","14","1694","1702",NULL
 "PA100","3","9","1765","1808",NULL
 "PA116","3","10","1674","1678",NULL
 "PA116","3","9","1678","1689",NULL
 "PA128","3","9","1694","1698",NULL
 "PA129","3","10","1694","1704",NULL
 "PA161","3","9","1820","1828",NULL
 "PA168","3","9","1720","1728",NULL
 "PA169","3","9","1736","1744",NULL
 "PA169","3","9","1752","1760",NULL
 "PA173","3","7","1701","1702",NULL
 "PA178","3","9","1634","1674",NULL
 "PA199","3","9","1728","1736",NULL
 "CB074","5","1","1629","1641",NULL
 "PA125","3","7","1694","1697",NULL
 "GB140","7","13",NULL,NULL,NULL
 "PB009","8","9","1784","1789",NULL
 "PB013","8","9","1726","1732",NULL
 "BF101","17","7",NULL,"1658",NULL
 "BF101","17","5",NULL,"1658",NULL
 "BF101","34","1","1658","1661",NULL
 "PB027","8","9","1734","1738",NULL
 "CB075","8","9","1665 6 Aug","1690 17 May",NULL
 "PB031","8","9",NULL,NULL,NULL
 "BD038","16","14",NULL,NULL,NULL
 "BD038","16","7",NULL,NULL,NULL
 "CB101","5","1","1694","1697",NULL
 "CB101","5","1","1705","1710",NULL
 "PC049","34","1","1695","1701",NULL
 "CB137","5","2","1629","1633",NULL
 "CB135","8","9","1652 20 Feb","1665 6 Aug",NULL
 "DB054","6","1","1764","1777",NULL
 "PC002","34","6","1708",NULL,NULL
 "PC003","34","5","1700","1707",NULL
 "PC003","34","8","1700","1707",NULL
 "PC109","34","10","1729",NULL,NULL
 "PC002","34","17","1726","1729",NULL
 "PC002","34","5","1729 Apr","1729 30 Oct",NULL
 "PC005","34","11","1773 4 Jun","1785",NULL
 "PC005","34","6","1785",NULL,NULL
 "PC010","34","11","1736",NULL,NULL
 "PC008","34","6","1770","1773",NULL
 "PC010","34","6","1738","1764",NULL
 "PC010","34","5",NULL,NULL,NULL
 "PC015","34","8","1726","1751",NULL
 "PC016","34","6","1726",NULL,NULL
 "PC016","34","3",NULL,NULL,NULL
 "PC019","34","5","1668",NULL,NULL
 "PC019","34","1","1689","1692",NULL
 "PC020","34","5","1695",NULL,NULL
 "PC019","34","8","1680",NULL,NULL
 "PC020","34","11","1704",NULL,NULL
 "PC020","34","8","1717 24 Apr",NULL,NULL
 "PC023","34","5","1683",NULL,NULL
 "PC023","34","10","1683",NULL,NULL
 "PC024","34","5","1683",NULL,NULL
 "PC024","34","9","1683",NULL,NULL
 "PC024","34","10","1726",NULL,NULL
 "PC024","34","9","1729 21 Jul",NULL,NULL
 "PC024","34","3","1704",NULL,NULL
 "PC024","34","6","1704",NULL,NULL
 "PC027","34","8","1785",NULL,NULL
 "PC028","34","6","1788",NULL,NULL
 "PC029","34","5","1686",NULL,NULL
 "PC029","34","10","1689",NULL,NULL
 "MW011","21","16","1612",NULL,"St Omer"
 "PC090","34","17","1701",NULL,NULL
 "PC037","34","8","1720",NULL,NULL
 "PC037","34","11","1729",NULL,NULL
 "PC037","34","5","1731",NULL,NULL
 "PC037","34","6","1732",NULL,NULL
 "BF091","34","3","1658",NULL,NULL
 "BF091","17","5",NULL,"1658",NULL
 "PC043","34","11","1701",NULL,NULL
 "BF091","34","17","1660","1674",NULL
 "BF091","34","7","1660","1661",NULL
 "PC040","34","10",NULL,NULL,NULL
 "PC040","34","3",NULL,NULL,NULL
 "PC040","34","7","1764","1792",NULL
 "PC043","34","5","1704",NULL,NULL
 "PC043","34","10","1704",NULL,NULL
 "PC043","34","1","1717 Apr","1720",NULL
 "PC045","34","1","1686","1689",NULL
 "PC045","34","1","1704","1711",NULL
 "PC045","34","10","1700","1703",NULL
 "PC045","34","7","1677",NULL,NULL
 "PC046","34","6","1677","1679",NULL
 "PC049","34","5","1668",NULL,NULL
 "PC049","34","10","1675",NULL,NULL
 "PC051","34","1","1751","1757",NULL
 "PC051","34","1","1761","1767",NULL
 "PC045","34","1","1692","1695",NULL
 "PC056","34","11","1738","1741",NULL
 "PC056","34","8","1741","1744",NULL
 "PC056","34","3","1741","1744",NULL
 "PC132","34","11","1735",NULL,NULL
 "PC056","34","5","1761","1767",NULL
 "PC061","34","11","1754","1759",NULL
 "PC061","34","6","1757","1760",NULL
 "PC061","34","11","1760","1763",NULL
 "PC061","34","10","1757","1760",NULL
 "PC061","34","11","1764 May","1764 19 Jul",NULL
 "BF143","17","5",NULL,"1658",NULL
 "BF143","34","7","1661 25 Jan","1677",NULL
 "PC064","34","11","1754","1755 17 Nov",NULL
 "PC066","34","1","1757 26 Apr","1761 5 May",NULL
 "PC066","34","5","1754",NULL,NULL
 "PC067","34","11","1776","1781",NULL
 "PC073","34","10","1692",NULL,NULL
 "PC070","34","10","1741","1744",NULL
 "PC002","34","17","1720",NULL,NULL
 "PC073","34","5","1677",NULL,NULL
 "PC080","34","7","1719",NULL,NULL
 "PC073","34","7","1704",NULL,NULL
 "PC073","34","3","1704",NULL,NULL
 "PC073","34","1","1720","1726",NULL
 "PC073","34","1","1711","1717",NULL
 "PC073","34","17","1719",NULL,NULL
 "PC073","34","1","1701","1704",NULL
 "PC073","34","7","1726","1730 25 Aug",NULL
 "PC080","34","5","1700",NULL,NULL
 "PC080","34","6","1723","1726",NULL
 "PC080","34","1","1726","1732",NULL
 "PC082","34","8","1767","1770",NULL
 "PC082","34","8","1773","1776",NULL
 "PC084","34","5","1664 Feb","1664 Nov",NULL
 "PC090","34","7","1698","1701",NULL
 "PC049","34","7","1701",NULL,NULL
 "PC090","34","10","1681","1683",NULL
 "PC090","34","5","1681",NULL,NULL
 "PC090","34","1","1683","1686",NULL
 "PC091","34","6","1723","1726",NULL
 "PC091","34","8","1726","1739",NULL
 "PC091","34","5","1726",NULL,NULL
 "PC091","34","9","1732","1742",NULL
 "PC093","34","11","1741",NULL,NULL
 "PC093","34","5","1745",NULL,NULL
 "PC093","34","3","1760","1788",NULL
 "PC093","34","11","1770",NULL,NULL
 "PC096","34","11","1723","1729",NULL
 "PC100","34","11","1785","1791",NULL
 "BF251","17","6","1636","1650",NULL
 "BF134","17","7","1638","1646",NULL
 "BF184","17","1","1652","1661",NULL
 "BF133","17","7","1629","1635",NULL
 "BF127","17","7","1643","1646",NULL
 "BF127","17","17","1643","1650",NULL
 "BF157","17","10",NULL,NULL,NULL
 "BF157","17","6",NULL,NULL,NULL
 "BF253","17","17",NULL,NULL,NULL
 "BF203","17","8",NULL,NULL,NULL
 "BF097","17","3",NULL,NULL,NULL
 "BF098","17","7","1675","1680",NULL
 "PC040","34","1","1791","1810","last Abbess"
 "PC096","34","21","1704",NULL,NULL
 "BF053","17","2",NULL,NULL,NULL
 "BF053","17","7","1682","1692",NULL
 "BF032","17","1","1661","1695","Not between 1674-6"
 "BF169","17","1","1697","1701",NULL
 "BF255","17","6","1693","1705",NULL
 "BF228","17","11","1692","1694",NULL
 "BF228","17","1","1694","1697",NULL
 "BF207","17","1","1700","1719",NULL
 "BF068","17","6","1743",NULL,"also 1749, 1755"
 "BF160","17","7","1718 8 Sep","1719 19 Mar",NULL
 "BF160","17","1","1719","1728",NULL
 "BF167","17","6",NULL,"1731",NULL
 "BF171","17","3",NULL,NULL,NULL
 "BF243","17","8","1728","1731",NULL
 "BF029","17","17","1728","1731",NULL
 "BF029","17","7","1731","1734",NULL
 "BF086","17","3",NULL,NULL,NULL
 "BF115","17","3",NULL,NULL,NULL
 "BF115","17","8","1740","1746",NULL
 "BF115","17","7","1746","1749",NULL
 "BF212","17","8","1728","1731",NULL
 "BF212","17","7","1734","1737",NULL
 "BF212","17","5","1734","1737",NULL
 "BF190","17","17","1770","1774",NULL
 "BF063","17","7","1749","1752",NULL
 "BF063","17","17","1764","1770",NULL
 "BF019","17","3",NULL,NULL,NULL
 "BF052","17","3",NULL,NULL,NULL
 "BF068","17","10","1768","1780",NULL
 "BF149","17","7","1737","1740",NULL
 "BF149","17","17","1740","1745",NULL
 "BF149","17","1","1745","1783",NULL
 "BF149","17","3",NULL,NULL,NULL
 "BF027","17","3",NULL,NULL,NULL
 "BF150","17","3",NULL,NULL,NULL
 "BF012","17","11",NULL,NULL,NULL
 "BF256","17","7","1740","1746",NULL
 "BF087","17","11",NULL,NULL,NULL
 "BF070","17","10",NULL,NULL,NULL
 "BF070","17","8","1746","1761",NULL
 "BF259","17","8","1755","1758",NULL
 "BF259","17","2",NULL,NULL,NULL
 "BF259","17","6","1746","1755",NULL
 "BF114","17","8",NULL,NULL,NULL
 "BF221","17","17","1776","1779",NULL
 "BF221","17","1","1782","1801",NULL
 "BF188","17","10","1788","1801",NULL
 "BF148","17","3",NULL,NULL,NULL
 "GP268","25","8",NULL,NULL,NULL
 "GP268","25","7",NULL,NULL,NULL
 "GP268","25","17",NULL,"1675",NULL
 "GP264","25","7",NULL,NULL,NULL
 "GP264","25","9",NULL,NULL,NULL
 "GP101","24","1","1625","1629",NULL
 "GP233","23","1","1629",NULL,NULL
 "GP029","23","17",NULL,NULL,NULL
 "GP176","25","8",NULL,NULL,NULL
 "GP176","25","7",NULL,NULL,NULL
 "GP176","23","1","1635",NULL,NULL
 "GP091","23","7","1634","1637",NULL
 "RP051","30","1","1735","1756",NULL
 "RP191","30","1","1756","1779",NULL
 "RP192","30","1","1779","1785",NULL
 "GP052","24","1","1652","1665",NULL
 "GP050","25","17","1612","1613",NULL
 "GP032","25","7",NULL,NULL,NULL
 "GP032","24","17",NULL,NULL,NULL
 "RP214","30","12","1671","1707",NULL
 "RP121","30","3","1656",NULL,NULL
 "GP263","25","8",NULL,NULL,NULL
 "GP263","25","7",NULL,NULL,NULL
 "GP136","25","6",NULL,NULL,NULL
 "GP139","30","3","1644",NULL,NULL
 "RP062","30","12","1664","1674",NULL
 "RP208","30","12","1644","1655",NULL
 "GP241","24","7","1655",NULL,NULL
 "GP241","24","1","1666","1676",NULL
 "GP045","30","7","1656",NULL,NULL
 "GP076","25","8",NULL,NULL,NULL
 "GP076","25","3",NULL,NULL,NULL
 "GP076","25","7",NULL,NULL,NULL
 "GP240","24","1","1676","1692",NULL
 "GP240","25","17","1669","1676",NULL
 "GP182","25","17","1683",NULL,NULL
 "GP195","25","6",NULL,NULL,NULL
 "GP234","25","8",NULL,NULL,NULL
 "GP234","25","6",NULL,"1693",NULL
 "GP238","25","6",NULL,NULL,NULL
 "GP190","25","11",NULL,NULL,NULL
 "GP239","25","7",NULL,NULL,NULL
 "GP075","25","6",NULL,NULL,NULL
 "GP253","25","7",NULL,NULL,NULL
 "GP042","25","17","1697","1719",NULL
 "GP058","25","6",NULL,NULL,NULL
 "GP058","25","11",NULL,NULL,NULL
 "GP082","25","6",NULL,NULL,NULL
 "GP122","25","9",NULL,NULL,NULL
 "GP129","25","8",NULL,NULL,NULL
 "GP180","25","11",NULL,NULL,NULL
 "GP180","25","9",NULL,NULL,NULL
 "GP146","25","8",NULL,NULL,NULL
 "GP272","25","6",NULL,NULL,NULL
 "PC105","34","5","1700","1732",NULL
 "PC105","34","8","1704","1725",NULL
 "PC107","34","1","1773","1779",NULL
 "PC109","34","1","1739","1751",NULL
 "PC109","34","1","1732","1738",NULL
 "PC080","34","1","1738","1739",NULL
 "PC112","34","8","1767","1773",NULL
 "RP052","30","21",NULL,NULL,NULL
 "PC112","34","1","1788","1791",NULL
 "PC112","34","9","1767","1773",NULL
 "RP024","30","21",NULL,NULL,NULL
 "PC113","34","5",NULL,NULL,NULL
 "PC113","34","7",NULL,NULL,NULL
 "PC113","34","8",NULL,"1787",NULL
 "PC116","34","6","1764","1777",NULL
 "PC116","34","5","1773","1777",NULL
 "BF241","34","1","1661","1681",NULL
 "PC120","34","5","1680","1681",NULL
 "PC128","34","8","1748","1770",NULL
 "PC128","34","5","1770","1773",NULL
 "PB086","8","9","1690","1726",NULL
 "PB097","8","9","1740","1766",NULL
 "PB095","8","9","1732","1740",NULL
 "DB131","6","13","1739","1744",NULL
 "DB043","6","15",NULL,NULL,NULL
 "OB008","9","9",NULL,NULL,NULL
 "BF119","34","7","1660 Feb","1661",NULL
 "PC048","34","5","1672",NULL,NULL
 "PC048","34","8","1683 May",NULL,NULL
 "DB046","6","11",NULL,NULL,NULL
 "DB046","6","3",NULL,NULL,NULL
 "DB058","6","7",NULL,"1748",NULL
 "DB058","6","1","1748","1764",NULL
 "DB061","6","1","1712","1748",NULL
 "DB068","6","7",NULL,NULL,NULL
 "OB051","9","1","1753","1765",NULL
 "GB140","9","9",NULL,NULL,NULL
 "OB134","9","7",NULL,NULL,NULL
 "OB019","10","1","1686","1723",NULL
 "OB017","9","9",NULL,NULL,NULL
 "OB017","9","4",NULL,NULL,NULL
 "OB054","9","13",NULL,NULL,NULL
 "OB039","9","10","1674",NULL,NULL
 "OB039","9","7",NULL,NULL,NULL
 "OB039","9","9",NULL,NULL,NULL
 "OB036","9","1","1688","1710",NULL
 "OB099","9","7",NULL,NULL,NULL
 "OB099","9","9",NULL,NULL,NULL
 "OB119","9","4",NULL,NULL,NULL
 "OB119","9","8",NULL,NULL,NULL
 "GB140","10","9","1700","1702",NULL
 "OB049","10","7",NULL,NULL,NULL
 "OB034","9","13",NULL,NULL,NULL
 "OB034","9","8",NULL,NULL,NULL
 "OB034","9","4",NULL,NULL,NULL
 "OB072","9","4",NULL,NULL,NULL
 "OB072","9","3",NULL,NULL,NULL
 "OB072","9","12",NULL,NULL,NULL
 "OB109","9","8",NULL,NULL,NULL
 "OB127","9","9",NULL,NULL,NULL
 "OB016","9","2",NULL,NULL,NULL
 "OB016","9","6",NULL,NULL,NULL
 "OB143","9","1","1710","1730",NULL
 "OB050","9","11",NULL,NULL,NULL
 "OB050","9","13",NULL,NULL,NULL
 "OB005","9","9",NULL,"1742",NULL
 "OB116","9","8",NULL,NULL,NULL
 "OB116","9","7",NULL,NULL,NULL
 "OB116","9","9",NULL,NULL,NULL
 "OB002","9","4",NULL,NULL,NULL
 "OB002","9","3",NULL,NULL,NULL
 "OB002","9","8",NULL,NULL,NULL
 "PB045","8","9","1766","1784",NULL
 "CB017","8","2",NULL,NULL,NULL
 "CB017","8","7",NULL,"1660",NULL
 "PB086","8","2",NULL,NULL,NULL
 "CB075","8","7","1660","1665",NULL
 "CB135","8","7","1665",NULL,NULL
 "CB135","8","14","1665",NULL,NULL
 "PB038","8","2",NULL,NULL,NULL
 "PB038","8","5",NULL,NULL,NULL
 "PB038","8","13",NULL,NULL,NULL
 "PB038","8","7",NULL,NULL,NULL
 "PB092","8","6",NULL,NULL,NULL
 "PB009","8","14",NULL,NULL,NULL
 "PB009","8","2",NULL,NULL,NULL
 "PB009","8","7",NULL,NULL,NULL
 "PB048","8","6",NULL,NULL,NULL
 "PB046","8","9","1789 18 Nov","1807 31 Aug",NULL
 "PB012","8","7",NULL,NULL,NULL
 "PB036","8","14","1789",NULL,NULL
 "PB030","8","8",NULL,NULL,NULL
 "PB098","8","13",NULL,NULL,NULL
 "PB039","8","12",NULL,NULL,NULL
 "BB058","5","2",NULL,NULL,NULL
 "BB058","4","7",NULL,NULL,NULL
 "BB058","4","9",NULL,"1645 21 Dec",NULL
 "CB092","5","10",NULL,NULL,NULL
 "CB092","5","1","1694","1701",NULL
 "CB092","5","1","1710","1713",NULL
 "GP065","25","7",NULL,NULL,NULL
 "GP223","25","7",NULL,NULL,NULL
 "GP223","25","17",NULL,"1675",NULL
 "GP121","25","7",NULL,NULL,NULL
 "GP204","25","17",NULL,NULL,NULL
 "GP118","25","8",NULL,NULL,NULL
 "GP118","25","6",NULL,NULL,NULL
 "GP228","25","6",NULL,NULL,NULL
 "GP042","25","3",NULL,NULL,NULL
 "GP274","25","9",NULL,NULL,NULL
 "GP254","25","8",NULL,NULL,NULL
 "GP294","25","3",NULL,NULL,NULL
 "GP014","25","6",NULL,"1753",NULL
 "GP162","25","9",NULL,"1769",NULL
 "GP147","25","6",NULL,NULL,NULL
 "BF119","17","5",NULL,NULL,NULL
 "BF119","34","8","1661",NULL,NULL
 "RP001","30","7",NULL,NULL,NULL
 "GP158","30","11","1656",NULL,NULL
 "AC056","13","9",NULL,NULL,NULL
 "AC121","13","9",NULL,NULL,NULL
 "AC125","14","9","1681 18 Sep","1687",NULL
 "AC068","14","9","1687 20 Sep","1690",NULL
 "RP002","30","7",NULL,NULL,NULL
 "RP002","30","8",NULL,NULL,NULL
 "AC057","14","14","1678",NULL,NULL
 "AC057","14","7",NULL,"1690",NULL
 "CB074","5","1","1645","1673",NULL
 "CB015","5","1","1641","1645",NULL
 "CB015","5","1","1677","1681",NULL
 "AC064","13","14","1701",NULL,NULL
 "AC065","13","7",NULL,NULL,NULL
 "AC065","13","14",NULL,NULL,NULL
 "AC065","13","9","1750","1763",NULL
 "AC069","13","9","1735","1750",NULL
 "AC066","13","9","1764","1775",NULL
 "CB073","5","1","1741","1769",NULL
 "GB119","7","1","1711","1727",NULL
 "CB085","5","1","1673","1677",NULL
 "AC142","13","9","1797","1814",NULL
 "CB183","5","1","1701","1705",NULL
 "CB183","5","1","1713","1741",NULL
 "BD028","16","10","1721","1737",NULL
 "LA270","2","10",NULL,NULL,NULL
 "LA281","2","10",NULL,NULL,NULL
 "BA172","1","10","1713",NULL,NULL
 "LA004","1","14","1635","1655",NULL
 "LA031","2","10","1629","1631",NULL
 "LA172","1","10","1631","1633",NULL
 "LA242","2","2",NULL,"1629",NULL
 "LA107","1","10","1642","1655",NULL
 "LA069","2","14","1655",NULL,NULL
 "LA069","2","7",NULL,NULL,NULL
 "BA149","1","10","1655",NULL,NULL
 "CB102","5","1","1769","1789",NULL
 "CB096","5","1","1789","1792",NULL
 "CB111","5","1","1792","1792",NULL
 "CB003","5","2",NULL,NULL,NULL
 "CB170","5","1","1802","1806",NULL
 "CB013","5","1","1792","1802",NULL
 "CB171","5","1","1814","1818",NULL
 "CB143","5","2",NULL,NULL,NULL
 "CB144","5","1","1802","1826",NULL
 "CB160","5","1","1806","1814",NULL
 "CB160","5","1","1818","1822",NULL
 "HC010","14","14","1696","1705",NULL
 "HC009","14","9","1690","1696",NULL
 "HC009","14","9","1708","1712",NULL
 "HC012","14","9","1742 Feb","1742 Mar",NULL
 "HC011","14","9","1742","1756",NULL
 "HC021","14","14",NULL,NULL,NULL
 "HC023","14","9","1811","1813",NULL
 "HC024","14","9","1795","1810",NULL
 "MW021","21","16","1715","1739","Hammersmith"
 "MW055","21","16","1685 c","1715","Hammersmith"
 "HC034","14","9","1756","1765",NULL
 "MW015","21","16","1699","1734","York"
 "OB079","6","1","1812","1828",NULL
 "OB079","6","9",NULL,"1812",NULL
 "OB079","6","7","1796","1812",NULL
 "MW085","21","16","1746","1760","York"
 "GB038","10","1","1683","1686",NULL
 "GB199","6","9",NULL,"1686",NULL
 "DB180","6","11","1694","1696",NULL
 "DB180","6","3",NULL,NULL,NULL
 "DB092","6","9",NULL,"1712",NULL
 "DB092","6","7",NULL,NULL,NULL
 "DB092","6","10",NULL,NULL,NULL
 "DB061","6","9","1712","1712",NULL
 "DB178","6","2",NULL,NULL,NULL
 "DB138","6","1","1777","1812",NULL
 "DB154","6","2",NULL,"1784",NULL
 "DB016","6","2","1784",NULL,NULL
 "DB016","6","10",NULL,NULL,NULL
 "DB013","6","8",NULL,"1785",NULL
 "DB170","6","11",NULL,"1789",NULL
 "DB170","6","9",NULL,"1789",NULL
 "DB170","6","7",NULL,"1789",NULL
 "DB170","6","13",NULL,"1789",NULL
 "DB170","6","4",NULL,"1789",NULL
 "MW064","21","16","1781","1795",NULL
 "BD052","16","8",NULL,NULL,NULL
 "BD052","16","2",NULL,NULL,NULL
 "BD052","16","13",NULL,NULL,NULL
 "MW051","21","16","1734","1746","York"
 "MW004","21","16","1760","1789",NULL
 "BD002","16","10",NULL,NULL,NULL
 "MW136","21","16","1790","1810","York"
 "MW057","21","16","1810","1826","York"
 "BD054","16","15",NULL,NULL,NULL
 "MW038","21","16","1827","1830","York"
 "BD003","16","14","1730",NULL,NULL
 "HC036","14","9","1813","1819",NULL
 "HC036","14","14","1819","1840",NULL
 "HC037","14","5","1819","1856",NULL
 "AC146","13","9","1832","1835",NULL
 "HC024","14","14",NULL,NULL,NULL
 "AC077","14","5","1678","1696",NULL
 "LC046","15","9","1772","1810",NULL
 "LC051","15","9","1817","1820",NULL
 "LC051","15","9","1823","1827",NULL
 "LC011","15","9","1820","1823",NULL
 "LC011","15","9","1827","1830",NULL
 "AC041","13","17",NULL,NULL,NULL
 "MW116","21","7","1627","1631","Munich"
 "MW129","21","16","1624","1628","Naples"
 "OB030","9","1","1765","1786",NULL
 "OB051","9","11",NULL,NULL,NULL
 "OB051","9","10",NULL,NULL,NULL
 "OB051","9","2",NULL,NULL,NULL
 "GB227","9","7",NULL,NULL,NULL
 "BB204","4","9","1598",NULL,NULL
 "BB205","4","7","1598",NULL,NULL
 "BB177","4","9",NULL,"1613",NULL
 "BB058","5","10",NULL,NULL,NULL
 "BB201","5","7",NULL,NULL,NULL
 "LS045","26","14","1778","1783",NULL
 "LS229","26","10","1792","1797",NULL
 "LS193","26","14","1788","1793",NULL
 "LS193","26","7",NULL,NULL,NULL
 "RP024","30","18",NULL,NULL,NULL
 "RP024","30","8",NULL,NULL,NULL
 "RP024","30","7","1691",NULL,NULL
 "RP140","30","17","1693","1713",NULL
 "RP140","30","7",NULL,NULL,NULL
 "BB069","4","1","1797","1811",NULL
 "BB042","4","10",NULL,NULL,NULL
 "HC039","14","5","1771","1778",NULL
 "BB116","4","1","1811","1848",NULL
 "GB034","7","9",NULL,NULL,NULL
 "GB034","7","7",NULL,NULL,NULL
 "GP027","30","17","1644","1658",NULL
 "RP142","30","18","1656",NULL,NULL
 "GP027","30","7","1656",NULL,NULL
 "GB251","9","1","1653","1656",NULL
 "MW059","21","16","1739","1760",NULL
 "GP139","30","17","1658",NULL,NULL
 "GP051","25","6",NULL,NULL,NULL
 "RP155","30","12",NULL,"1664",NULL
 "HC045","14","9","1771","1790",NULL
 "HC045","40","9","1790","1800",NULL
 "AC038","40","14","1790",NULL,NULL
 "GP158","25","18",NULL,NULL,NULL
 "GP045","30","18","1644","1656",NULL
 "GP045","30","17","1670","1673",NULL
 "RP034","30","17","1674",NULL,NULL
 "RP121","30","8",NULL,NULL,NULL
 "RP142","30","17","1691",NULL,NULL
 "GP245","30","5","1644",NULL,NULL
 "GP299","30","5","1644",NULL,NULL
 "GP237","30","5","1644",NULL,NULL
 "RP174","30","12",NULL,NULL,NULL
 "RP194","30","11",NULL,NULL,NULL
 "RP056","30","8","1691",NULL,NULL
 "RP178","30","18","1691",NULL,NULL
 "RP111","30","6","1691",NULL,NULL
 "RP163","30","3","1691",NULL,NULL
 "RP101","30","8","1691",NULL,NULL
 "MW075","21","16","1760","1781","Hammersmith"
 "RP101","30","1","1701","1735",NULL
 "MW146","21","8","1647 c","1657","recorded as Portress"
 "mw037","21","16","1683","1701","Burghausen"
 "mw037","21","16","1681?","1683","Augsburg"
 "MW078","21","16","1667","1682 ?","Augsburg"
 "MW125","21","16","1697",NULL,"Paris"
 "MW131","21","16","1683","1701","Augsburg"
 "MW131","21","16","1701","1714","Mindelheim"
 "mw010","21","16","1683","1697","Munich"
 "mw009","21","16","1705","1711","Burghausen"
 "MW112","21","16","1714","1723","Mindelheim"
 "MW112","21","16","1723","1726","Burghausen"
 "MW112","21","16","1726","1741","Mindelheim"
 "RP215","30","12",NULL,"1738",NULL
 "RP191","30","17",NULL,"1756",NULL
 "RP216","30","12",NULL,NULL,NULL
 "MW040","21","16","1723","1726","Mindelheim"
 "MW040","21","16","1726","1750","Augsburg"
 "LA023","1","7","1640",NULL,NULL
 "GP070","24","8",NULL,NULL,NULL
 "GP070","24","7",NULL,NULL,NULL
 "GP037","24","7",NULL,NULL,NULL
 "GP037","24","1","1665","1667",NULL
 "DP041","24","17",NULL,NULL,NULL
 "DP115","24","8",NULL,NULL,NULL
 "DP115","24","17",NULL,NULL,NULL
 "DP020","24","7",NULL,NULL,NULL
 "DP020","24","17",NULL,NULL,NULL
 "DP020","24","1",NULL,"1697",NULL
 "DP036","24","3",NULL,NULL,NULL
 "DP036","24","7",NULL,NULL,NULL
 "DP036","24","17",NULL,NULL,NULL
 "DP112","24","1","1747","1755",NULL
 "DP028","24","6",NULL,NULL,NULL
 "DP028","24","7",NULL,NULL,NULL
 "DP117","24","6",NULL,NULL,NULL
 "DP117","24","11",NULL,NULL,NULL
 "DP071","24","8",NULL,NULL,NULL
 "DP108","24","17",NULL,NULL,NULL
 "DP109","24","7",NULL,NULL,NULL
 "DP108","24","1","1697","1730",NULL
 "DP109","24","17",NULL,NULL,NULL
 "DP081","24","1","1730","1748",NULL
 "DP081","24","11",NULL,NULL,NULL
 "DP121","24","8",NULL,NULL,NULL
 "DP131","24","7",NULL,NULL,NULL
 "DP132","24","18",NULL,NULL,NULL
 "DP132","24","6",NULL,NULL,NULL
 "DP083","24","8",NULL,NULL,NULL
 "DP083","24","7",NULL,NULL,NULL
 "DP076","24","1","1754","1761",NULL
 "DP085","24","11",NULL,NULL,NULL
 "DP138","24","3",NULL,NULL,NULL
 "DP058","24","6",NULL,NULL,NULL
 "DP093","24","1","1760","1770",NULL
 "DP093","24","6",NULL,NULL,NULL
 "DP093","24","7",NULL,NULL,NULL
 "DP093","24","17","1754","1760",NULL
 "DP065","24","6",NULL,NULL,NULL
 "DP065","24","7",NULL,NULL,NULL
 "DP065","24","17",NULL,NULL,NULL
 "DP066","24","7",NULL,NULL,NULL
 "DP066","24","17",NULL,NULL,NULL
 "DP066","24","1","1769","1775",NULL
 "DP054","24","1","1776","1802",NULL
 "DP055","24","6",NULL,NULL,NULL
 "DP055","24","7",NULL,NULL,NULL
 "DP030","24","3",NULL,NULL,NULL
 "DP078","24","3",NULL,NULL,NULL
 "DP078","24","7",NULL,NULL,NULL
 "BA183","1","10","1730","1749",NULL
 "BA137","1","14","1732","1737",NULL
 "BA215","1","14","1737","1738",NULL
 "BA184","1","3",NULL,NULL,NULL
 "BA129","1","2","1748",NULL,NULL
 "BA183","1","3",NULL,NULL,NULL
 "BA189","1","10","1749","1751",NULL
 "BA221","1","10","1756","1760",NULL
 "GP029","23","8",NULL,NULL,NULL
 "AC038","40","9",NULL,NULL,NULL
 "HC052","14","9","1765","1774",NULL
 "HC053","14","9","1712","1713",NULL
 "HC053","14","5","1708","1712",NULL
 "HC053","14","9","1696","1708",NULL
 "BA145","1","10","1766 Feb ","1766 Jul ",NULL
 "BA221","1","7","1769",NULL,NULL
 "BA113","1","7",NULL,NULL,NULL
 "BA190","1","10","1788",NULL,NULL
 "BA164","1","14","1716","1717",NULL
 "BA199","1","10","1716",NULL,NULL
 "BA004","1","7","1716","1717",NULL
 "BA004","1","14","1717","1720",NULL
 "BA216","1","7","1717","1721",NULL
 "BA004","1","10","1720","1723",NULL
 "HC058","14","14","1708","1719",NULL
 "HC058","14","9","1719","1722",NULL
 "HC058","14","14","1722","1731",NULL
 "HC058","14","9","1731","1742",NULL
 "BF058","17","5","1667",NULL,NULL
 "BF069","17","10","1674",NULL,NULL
 "BF069","17","5","1674",NULL,NULL
 "BF207","17","7","1692","1693",NULL
 "BF207","17","5","1692",NULL,NULL
 "OB047","9","1","1710","1711",NULL
 "OB036","9","10","1680",NULL,NULL
 "BA031","1","15",NULL,NULL,NULL
 "BA010","1","6",NULL,NULL,NULL
 "OB084","9","4",NULL,NULL,NULL
 "OB084","9","6",NULL,NULL,NULL
 "OB084","9","2",NULL,NULL,NULL
 "OB084","9","7",NULL,NULL,NULL
 "OB084","9","9",NULL,NULL,NULL
 "OB085","9","18",NULL,NULL,NULL
 "OB133","9","6",NULL,NULL,NULL
 "OB064","9","18",NULL,NULL,NULL
 "OB033","9","12",NULL,NULL,NULL
 "OB033","9","8",NULL,NULL,NULL
 "OB078","9","11",NULL,NULL,NULL
 "OB078","9","4",NULL,NULL,NULL
 "OB078","9","9",NULL,NULL,NULL
 "OB078","9","6",NULL,NULL,NULL
 "OB140","9","19",NULL,NULL,NULL
 "OB140","9","10",NULL,NULL,NULL
 "OB140","9","2",NULL,NULL,NULL
 "OB140","9","6",NULL,NULL,NULL
 "OB140","9","4",NULL,NULL,NULL
 "OB140","9","8",NULL,NULL,NULL
 "OB140","9","9",NULL,"1752",NULL
 "BA228","1","7",NULL,NULL,NULL
 "BA228","1","14","1683","1693",NULL
 "BA101","1","10","1699","1709",NULL
 "BA004","1","10","1709",NULL,NULL
 "BA102","1","14","1699","1710",NULL
 "BA219","1","14","1710",NULL,NULL
 "BA212","1","10",NULL,NULL,NULL
 "BA135","1","7",NULL,NULL,NULL
 "BA176","1","7",NULL,NULL,NULL
 "BA126","1","8",NULL,NULL,NULL
 "BA126","1","3",NULL,NULL,NULL
 "BA004","1","14","1723",NULL,NULL
 "BA172","1","14","1728","1731",NULL
 "HC068","14","6",NULL,NULL,NULL
 "AC144","14","9","1678","1681",NULL
 "AC144","14","5","1681",NULL,NULL
 "HC072","14","14","1756","1771",NULL
 "HC072","14","5","1771","1774",NULL
 "HC072","14","14","1774","1778",NULL
 "HC073","14","9","1742 Mar","1742 21 Sep",NULL
 "HC073","14","11",NULL,NULL,NULL
 "HC073","14","14","1737","1742",NULL
 "HC073","14","5","1731",NULL,NULL
 "HC073","14","9","1713","1716",NULL
 "HC073","14","14","1719","1722",NULL
 "LA229","2",NULL,"1609","1638",NULL
 "LA086","2","6",NULL,NULL,NULL
 "LB118","12","1",NULL,"1655",NULL
 "LA302","2","7",NULL,NULL,NULL
 "LA104","2","3",NULL,NULL,NULL
 "GP023","25","18",NULL,NULL,NULL
 "GP126","25","8","1609","1613",NULL
 "GP126","25","5","1609","1613",NULL
 "GP278","25","8","1612",NULL,NULL
 "GP278","25","5","1609",NULL,NULL
 "GP177","25","11","1612",NULL,NULL
 "GP177","25","5","1612",NULL,NULL
 "GP149","25","10",NULL,NULL,NULL
 "GP270","25","6","1612",NULL,NULL
 "GP270","25","5","1612",NULL,NULL
 "GP143","25","7","1609","1613",NULL
 "GP277","25","6",NULL,NULL,NULL
 "GP012","25","17","1676","1683",NULL
 "GB070","7","13","1711",NULL,NULL
 "GB246","7","7","1711",NULL,NULL
 "YB055","10","1","1724","1760",NULL
 "YB023","10","1","1760","1783",NULL
 "YB051","10","1","1783","1799",NULL
 "YB050","10","1","1799","1830",NULL
 "YB015","10","1","1830","1840",NULL
 "BA172","1","14","1720","1723",NULL
 "RP007","30","5","1737",NULL,NULL
 "RP016","30","17","1737",NULL,NULL
 "RP024","30","5","1693",NULL,NULL
 "GP110","23","11",NULL,NULL,NULL
 "GP110","23","7",NULL,NULL,NULL
 "GP110","23","8",NULL,NULL,NULL
 "AP005","23","6",NULL,NULL,NULL
 "AP055","23","1","1653",NULL,NULL
 "GP177","23","11","1629",NULL,NULL
 "GP177","23","7",NULL,NULL,NULL
 "GP177","23","17",NULL,NULL,NULL
 "GP221","23","11",NULL,NULL,NULL
 "RP188","30","5",NULL,NULL,NULL
 "LA004","1","19",NULL,NULL,NULL
 "AP014","23","1","1756","1759",NULL
 "AP041","23","1","1759","1775",NULL
 "AP072","23","1","1779",NULL,NULL
 "GP210","23","17","1629","1639",NULL
 "GP029","23","5","1629",NULL,NULL
 "GP177","23","5","1630",NULL,NULL
 "AP103","23","8",NULL,NULL,NULL
 "GP109","23","8","1629",NULL,NULL
 "GP109","23","7",NULL,NULL,NULL
 "GP109","23","1","1648","1668",NULL
 "AP079","23","7",NULL,NULL,NULL
 "AP053","23","6",NULL,NULL,NULL
 "AP053","23","8",NULL,NULL,NULL
 "AP053","23","1","1668",NULL,NULL
 "AP002","23","6",NULL,NULL,NULL
 "AP002","23","11",NULL,NULL,NULL
 "AP142","23","1","1681",NULL,NULL
 "AP142","23","8",NULL,NULL,NULL
 "AP142","23","17",NULL,NULL,NULL
 "AP120","23","8",NULL,NULL,NULL
 "AP120","23","7",NULL,NULL,NULL
 "AP149","23","8",NULL,NULL,NULL
 "AP009","23","11",NULL,NULL,NULL
 "AP009","23","7",NULL,NULL,NULL
 "AP009","23","17",NULL,NULL,NULL
 "AP114","23","1","1681",NULL,NULL
 "AP114","23","17",NULL,NULL,NULL
 "AP016","23","17",NULL,NULL,NULL
 "AP016","23","8",NULL,NULL,NULL
 "AP016","23","7",NULL,NULL,NULL
 "AP096","23","17",NULL,NULL,NULL
 "AP096","23","1","1698",NULL,NULL
 "AP093","23","7",NULL,NULL,NULL
 "AP093","23","17",NULL,NULL,NULL
 "AP137","23","7",NULL,NULL,NULL
 "AP075","23","8",NULL,NULL,NULL
 "AP075","23","17",NULL,NULL,NULL
 "AP089","23","11",NULL,NULL,NULL
 "AP089","23","7",NULL,NULL,NULL
 "AP089","23","17",NULL,NULL,NULL
 "AP043","23","8",NULL,NULL,NULL
 "AP043","23","1","1702",NULL,NULL
 "AP091","23","6",NULL,NULL,NULL
 "AP091","23","8",NULL,NULL,NULL
 "AP126","23","11",NULL,NULL,NULL
 "AP126","23","7",NULL,NULL,NULL
 "AP073","23","6",NULL,NULL,NULL
 "AP029","23","6",NULL,NULL,NULL
 "AP040","23","8",NULL,NULL,NULL
 "AP088","23","8",NULL,NULL,NULL
 "AP088","23","7",NULL,NULL,NULL
 "AP088","23","1","1720",NULL,NULL
 "AP128","23","1","1746","1747",NULL
 "AP128","23","17",NULL,NULL,NULL
 "AP128","23","11",NULL,NULL,NULL
 "AP128","23","8",NULL,NULL,NULL
 "AP068","23","17",NULL,NULL,NULL
 "AP068","23","11",NULL,NULL,NULL
 "AP071","23","11",NULL,NULL,NULL
 "AP071","23","8",NULL,NULL,NULL
 "AP109","23","1","1748",NULL,NULL
 "AP109","23","17",NULL,NULL,NULL
 "AP109","23","8",NULL,NULL,NULL
 "AP070","23","6",NULL,NULL,NULL
 "AP070","23","7",NULL,NULL,NULL
 "AP070","23","5",NULL,NULL,NULL
 "AP138","23","6",NULL,NULL,NULL
 "AP138","23","8",NULL,NULL,NULL
 "AP138","23","1","1757","1759",NULL
 "AP061","23","6",NULL,NULL,NULL
 "AP061","23","8",NULL,NULL,NULL
 "AP061","23","17",NULL,NULL,NULL
 "AP014","23","8",NULL,NULL,NULL
 "AP014","23","17",NULL,NULL,NULL
 "AP009","23","6",NULL,NULL,NULL
 "AP015","23","6",NULL,NULL,NULL
 "AP015","23","11",NULL,NULL,NULL
 "AP015","23","5",NULL,NULL,NULL
 "AP084","23","6",NULL,NULL,NULL
 "AP058","23","6",NULL,NULL,NULL
 "AP058","23","11",NULL,NULL,NULL
 "AP058","23","8",NULL,NULL,NULL
 "AP092","23","17",NULL,NULL,NULL
 "AP092","23","8",NULL,NULL,NULL
 "AP033","23","6",NULL,NULL,NULL
 "AP033","23","8",NULL,NULL,NULL
 "AP030","23","7",NULL,NULL,NULL
 "AP030","23","17",NULL,NULL,NULL
 "AP060","23","11",NULL,NULL,NULL
 "AP060","23","8",NULL,NULL,NULL
 "AP132","23","6",NULL,NULL,NULL
 "AP132","23","8",NULL,NULL,NULL
 "AP098","23","6",NULL,NULL,NULL
 "AP098","23","8",NULL,NULL,NULL
 "AP098","23","11",NULL,NULL,NULL
 "AP041","23","8",NULL,NULL,NULL
 "AP041","23","11",NULL,NULL,NULL
 "AP041","23","7",NULL,NULL,NULL
 "AP017","23","8",NULL,NULL,NULL
 "AP049","23","6",NULL,NULL,NULL
 "AP049","23","8",NULL,NULL,NULL
 "AP049","23","7",NULL,NULL,NULL
 "AP094","23","11",NULL,NULL,NULL
 "AP094","23","17",NULL,NULL,NULL
 "AP069","23","11",NULL,NULL,NULL
 "AP085","23","6",NULL,NULL,NULL
 "AP085","23","8",NULL,NULL,NULL
 "AP085","23","7",NULL,NULL,NULL
 "AP131","23","11",NULL,NULL,NULL
 "AP131","23","7",NULL,NULL,NULL
 "AP038","23","11",NULL,NULL,NULL
 "AP038","23","8",NULL,NULL,NULL
 "AP090","23","7",NULL,NULL,NULL
 "AP090","23","17",NULL,NULL,NULL
 "AP090","23","1",NULL,NULL,NULL
 "AP031","23","8",NULL,NULL,NULL
 "AP031","23","17",NULL,NULL,NULL
 "AP031","23","1",NULL,NULL,NULL
 "DP051","24","1",NULL,NULL,NULL
 "RP179","30","1","1820 May",NULL,NULL
 "RP170","30","1","1799","1820",NULL
 "RP166","30","1","1785 Nov","1799 Jan",NULL
 "GB026","7","7",NULL,NULL,NULL
 "GB026","7","3",NULL,NULL,NULL
 "GB026","7","6",NULL,NULL,NULL
 "GB026","7","2",NULL,NULL,NULL
 "HC031","14","9","1790","1795",NULL
 "LC071","15","7",NULL,NULL,NULL
 "LC071","15","5",NULL,NULL,NULL
 "LC071","15","14",NULL,NULL,NULL
 "LC071","15","9","1769","1772",NULL
 "LC008","15","8",NULL,NULL,NULL
 "LC008","15","11",NULL,NULL,NULL
 "LC008","15","5",NULL,NULL,NULL
 "PB047","8","2",NULL,NULL,NULL
 "PB046","8","2",NULL,NULL,NULL
 "CB027","8","2",NULL,NULL,NULL
 "PB023","8","2",NULL,NULL,NULL
 "BD058","16","14",NULL,NULL,NULL
 "BD060","16","14",NULL,NULL,NULL
 "BD077","16","9","1740","1743",NULL
 "BD050","16","9","1715","1718",NULL
 "DP075","24","8",NULL,NULL,NULL
 "DP116","24","19",NULL,NULL,NULL
 "AC031","13","14",NULL,"1808",NULL
 "DP121","24","19",NULL,NULL,NULL
 "DP019","24","6",NULL,NULL,NULL
 "DP052","24","7",NULL,NULL,NULL
 "DP015","24","7",NULL,NULL,NULL
 "DP085","24","6",NULL,NULL,NULL
 "DP142","24","19",NULL,NULL,NULL
 "DP058","24","19",NULL,NULL,NULL
 "AC012","13","9",NULL,NULL,NULL
 "AC084","13","9",NULL,NULL,NULL
 "RP172","30","17",NULL,NULL,NULL
 "GB135","7","1","1736","1761",NULL
 "GB236","7","9",NULL,NULL,NULL
 "GB236","7","2",NULL,NULL,NULL
 "GB236","7","19","1736",NULL,NULL
 "GB003","7","1","1781","1797",NULL
 "BF265","17","1","1640","1652",NULL
 "BF122","17","1","1728","1745","resigned in 1745"
 "DB016","6","7",NULL,NULL,NULL
 "DB098","6","2",NULL,NULL,NULL
 "DB153","6","6",NULL,NULL,NULL
 "DB185","6","12",NULL,NULL,NULL
 "DB136","6","8",NULL,NULL,NULL
 "DB189","6","11",NULL,NULL,NULL
 "GB176","7","1","1696 Oct","1698",NULL
 "DB120","6","3",NULL,NULL,NULL
 "OB076","6","8",NULL,NULL,NULL
 "DB121","6","19",NULL,NULL,NULL
 "DB116","6","19",NULL,NULL,NULL
 "GB134","7","1","1698","1703",NULL
 "GB078","7","1","1703","1711",NULL
 "GB187","7","8","1711",NULL,NULL
 "GB187","7","11","1711",NULL,NULL
 "GB104","7","12",NULL,NULL,NULL
 "GB135","7","10","1711",NULL,NULL
 "GB135","7","3","1711",NULL,NULL
 "GB119","7","9","1711",NULL,NULL
 "PC008","34","5",NULL,NULL,NULL
 "PC008","34","19",NULL,NULL,NULL
 "PC005","34","19",NULL,NULL,NULL
 "PC070","34","17",NULL,NULL,NULL
 "PC040","34","5",NULL,NULL,NULL
 "GB178","7","1","1761","1781",NULL
 "GB223","7","9",NULL,NULL,NULL
 "GB014","7","19",NULL,NULL,NULL
 "GB103","7","9","1794",NULL,NULL
 "GB156","7","8",NULL,NULL,NULL
 "GB111","7","9","1797",NULL,NULL
 "GB014","7","7","1799",NULL,NULL
 "GB014","7","2","1800",NULL,NULL
 "GB014","7","10","1800",NULL,NULL
 "GB249","7","9",NULL,NULL,NULL
 "GB014","7","1","1809",NULL,NULL
 "BD058","16","7",NULL,NULL,NULL
 "BD001","16","9","1792",NULL,NULL
 "GB118","7","4",NULL,NULL,NULL
 "GB058","7","4",NULL,NULL,NULL
 "GB058","7","9",NULL,NULL,NULL
 "GB058","7","2",NULL,NULL,NULL
 "GB058","7","10",NULL,NULL,NULL
 "GB058","7","6",NULL,NULL,NULL
 "GB126","7","9",NULL,NULL,NULL
 "GB126","7","6",NULL,NULL,NULL
 "GB074","7","3",NULL,NULL,NULL
 "GB168","7","7",NULL,NULL,NULL
 "GB168","7","10",NULL,NULL,NULL
 "GB251","7","9",NULL,NULL,NULL
 "GB251","7","2",NULL,NULL,NULL
 "GB251","7","4",NULL,NULL,NULL
 "GB121","7","8",NULL,NULL,NULL
 "GB121","7","6",NULL,NULL,NULL
 "GB121","7","10",NULL,NULL,NULL
 "GB121","7","3",NULL,NULL,NULL
 "GB121","7","4",NULL,NULL,NULL
 "GB157","7","2",NULL,NULL,NULL
 "GB157","7","6",NULL,NULL,NULL
 "GB127","7","8",NULL,NULL,NULL
 "GB181","7","8",NULL,NULL,NULL
 "GB075","7","8",NULL,NULL,NULL
 "GB075","7","10",NULL,NULL,NULL
 "GB213","7","9","1696",NULL,NULL
 "GB160","7","10",NULL,NULL,NULL
 "GB135","7","9",NULL,NULL,NULL
 "GB139","7","3",NULL,NULL,NULL
 "GB015","7","6",NULL,NULL,NULL
 "LB169","12","9","1607",NULL,NULL
 "LB127","12","1","1604","1608",NULL
 "LB032","12","1","1669","1675",NULL
 "LB080","12","1","1594",NULL,NULL
 "LB170","12","1","1621",NULL,NULL
 "LB085","12","1","1747 Sep","1749",NULL
 "LB071","12","1","1752","1757",NULL
 "LB090","12","1","1757",NULL,NULL
 "LB093","12","9","1757",NULL,NULL
 "LB007","12","8","1757",NULL,NULL
 "LB132","12","11","1757",NULL,NULL
 "LB065","12","6","1757",NULL,NULL
 "LB036","12","3","1757",NULL,NULL
 "LB148","12","2","1757",NULL,NULL
 "LB150","12","8","1757",NULL,NULL
 "LB123","12","8","1757",NULL,NULL
 "LB128","12","2","1757",NULL,NULL
 "LB172","12","1","1720",NULL,NULL
 "LB012","12","1","1784","1790",NULL
 "GB159","7","7",NULL,NULL,NULL
 "LB076","12","1","1711",NULL,NULL
 "LB075","12","1","1681","1683",NULL
 "LB027","12","1","1668","1672",NULL
 "LB117","12","1","1728","1729",NULL
 "LB007","12","1","1738",NULL,NULL
 "LB036","12","1","1778","1780",NULL
 "LB169","12","1","1614",NULL,NULL
 "LB170","12","1","1634",NULL,NULL
 "LB119","12","1","1695","1698",NULL
 "LB170","12","1","1642",NULL,NULL
 "RP078","30","17","1756",NULL,NULL
 "RP075","30","5",NULL,NULL,NULL
 "RP016","30","5",NULL,NULL,NULL
 "RP004","30","5",NULL,NULL,NULL
 "RP072","30","5",NULL,NULL,NULL
 "RP068","30","5",NULL,NULL,NULL
 "GP158","30","19","1648",NULL,NULL
 "RP121","30","7",NULL,NULL,NULL
 "RP100","30","17","1713","1721",NULL
 "RP194","30","17","1693",NULL,NULL
 "PB097","8","14",NULL,NULL,NULL
 "PB047","8","10",NULL,NULL,NULL
 "PB030","8","2",NULL,NULL,NULL
 "PC113","34","19",NULL,NULL,NULL
 "PC051","34","5",NULL,NULL,NULL
 "PA110","3","14","1732",NULL,NULL
 "PA149","3","6","1790",NULL,NULL
 "PA059","3","11","1790",NULL,NULL
 "PA190","3","12","1790",NULL,NULL
 "PA010","3","12","1790",NULL,NULL
 "PA121","3","12","1790",NULL,NULL
 "PA157","3","19","1790",NULL,NULL
 "PA159","3","19","1790",NULL,NULL
 "PA015","3","19","1790",NULL,NULL
 "PA058","3","19","1790",NULL,NULL
 "PA016","3","19","1790",NULL,NULL
 "PA161","3","19","1790",NULL,NULL
 "LS031","26","14","1652","1657",NULL
 "LS109","26","14","1657","1661",NULL
 "LS032","26","14","1661","1662",NULL
 "LS171","26","14","1662","1664",NULL
 "LS109","26","14","1664","1669",NULL
 "LS039","26","14","1674","1678",NULL
 "LS218","26","14","1793","1798",NULL
 "LS193","26","14","1798","1803",NULL
 "LS218","26","14","1803","1808",NULL
 "LS193","26","14","1808","1813",NULL
 "LS063","26","14","1813","1818",NULL
 "LS131","26","14","1818","1823",NULL
 "LS063","26","14","1823","1825",NULL
 "LS032","26","10","1658","1661",NULL
 "LS032","26","10","1666","1671",NULL
 "LS177","26","10","1671","1675",NULL
 "LS133","26","10","1675","1677",NULL
 "LS032","26","10","1677","1682",NULL
 "LS133","26","10","1682","1683",NULL
 "LS032","26","10","1683","1688",NULL
 "LS177","26","10","1688","1690",NULL
 "LS032","26","10","1690","1693",NULL
 "LS177","26","10","1693","1696",NULL
 "LS082","26","10","1705","1707",NULL
 "LS060","26","10","1707","1712",NULL
 "LS122","26","10","1712","1713",NULL
 "LS082","26","10","1713","1716",NULL
 "LS198","26","10","1716","1717",NULL
 "LS060","26","10","1717","1720",NULL
 "LS082","26","10","1720","1724",NULL
 "LS082","26","10","1726","1730",NULL
 "LS035","26","10","1730","1735",NULL
 "LS035","26","10","1740","1745",NULL
 "LS067","26","10","1745","1746",NULL
 "LS035","26","10","1751 20 Apr","1751 25 Sep",NULL
 "LS118","26","10","1751","1752",NULL
 "LS210","26","10","1752","1757",NULL
 "LS239","26","10","1772","1777",NULL
 "LS172","26","10","1777","1782",NULL
 "LS012","26","10","1782","1786",NULL
 "LS205","26","10","1786","1792",NULL
 "LS229","26","10","1802","1807",NULL
 "LS205","26","10","1797","1802",NULL
 "GB168","7","9",NULL,NULL,NULL
 "GB128","7","4","1696",NULL,NULL
 "GB239","7","4","1696",NULL,NULL
 "GB176","7","4","1696",NULL,NULL
 "GB176","7","11","1696",NULL,NULL
 "GB064","7","4","1696",NULL,NULL
 "GB138","7","7","1696",NULL,NULL
 "GB138","7","3","1696",NULL,NULL
 "GB160","7","2","1696",NULL,NULL
 "GB070","7","8","1696",NULL,NULL
 "GB210","7","12","1696",NULL,NULL
 "GB057","7","6","1696",NULL,NULL
 "GB062","7","13","1696",NULL,NULL
 "GB005","10","9","1705","1723",NULL
 "GB005","10","1","1723","1724",NULL
 "LB125","12","1","1668",NULL,NULL
 "LB153","12","1","1688",NULL,NULL
 "LB153","12","1","1694","1695",NULL
 "LB033","12","1","1683",NULL,NULL
 "LB149","12","1","1685","1688",NULL
 "LB149","12","1","1691",NULL,NULL
 "GB265","7","2",NULL,NULL,NULL
 "LB069","12","1","1717","1718",NULL
 "LB117","12","1","1737",NULL,NULL
 "LB036","12","9","1775",NULL,NULL
 "LB109","12","1","1784",NULL,NULL
 "LB088","12","1","1773","1774",NULL
 "GB197","7","7","1641",NULL,NULL
 "GB172","7","12",NULL,NULL,NULL
 "GB172","7","2",NULL,NULL,NULL
 "GB172","7","10",NULL,NULL,NULL
 "BB152","7","11",NULL,NULL,NULL
 "BB152","7","9",NULL,NULL,NULL
 "BB152","7","2",NULL,NULL,NULL
 "BB152","7","4",NULL,NULL,NULL
 "BB152","7","7",NULL,NULL,NULL
 "GB144","7","18",NULL,NULL,NULL
 "BB063","7","10",NULL,NULL,NULL
 "BB063","7","2",NULL,NULL,NULL
 "BB063","7","11",NULL,NULL,NULL
 "BB063","7","6",NULL,NULL,NULL
 "BB063","7","9",NULL,NULL,NULL
 "GB142","7","3",NULL,NULL,NULL
 "GB221","7","8",NULL,NULL,NULL
 "GB221","7","11",NULL,NULL,NULL
 "GB221","7","6",NULL,NULL,NULL
 "GB111","7","7",NULL,NULL,NULL
 "GB111","7","8",NULL,NULL,NULL
 "GB111","7","13",NULL,NULL,NULL
 "GB014","7","13",NULL,NULL,NULL
 "LB006","12","9","1651",NULL,NULL
 "LB137","12","1","1715","1716",NULL
 "LB172","12","9","1729",NULL,NULL
 "PB047","8","6",NULL,NULL,NULL
 "PB083","8","7",NULL,NULL,NULL
 "PB083","8","2",NULL,NULL,NULL
 "GP233","25","1","1626",NULL,NULL
 "GP223","25","19",NULL,NULL,NULL
 "GP253","25","5",NULL,NULL,NULL
 "GP249","25","7",NULL,NULL,NULL
 "GP122","25","17",NULL,NULL,NULL
 "GP202","25","15",NULL,NULL,NULL
 "GP180","25","17",NULL,NULL,NULL
 "GP274","25","17",NULL,NULL,NULL
 "GP078","25","15",NULL,NULL,NULL
 "GP189","25","1","1813 Jul","1829",NULL
 "PA200","3","15",NULL,NULL,NULL
 "GP006","23","5","1629",NULL,NULL
 "GP006","23","3","1629",NULL,NULL
 "GP176","23","7","1629",NULL,NULL
 "GP176","23","5","1629",NULL,NULL
 "GP141","23","5",NULL,NULL,NULL
 "GP232","23","5","1629",NULL,NULL
 "GP109","23","5","1629",NULL,NULL
 "GP216","23","6","1629",NULL,NULL
 "GP050","25","8","1609",NULL,NULL
 "GP050","25","5","1609",NULL,NULL
 "GP278","25","11","1609",NULL,NULL
 "GP177","25","10","1609",NULL,NULL
 "GP149","25","6","1609",NULL,NULL
 "GP149","25","5","1609",NULL,NULL
 "GP143","25","3","1609",NULL,NULL
 "AP074","23","11",NULL,NULL,NULL
 "AP068","23","1","1739",NULL,NULL
 "BA155","1","15",NULL,NULL,NULL
 "BA144","1","9","1810 May","1820 May",NULL
 "BA004","1","19",NULL,NULL,NULL
 "BF102","17","15",NULL,NULL,NULL
 "BF161","17","19",NULL,NULL,NULL
 "BF178","17","19","1737","1740","again 1752-55"
 "BF188","17","15",NULL,NULL,NULL
 "BF212","17","18",NULL,NULL,NULL
 "BF202","17","17","1620",NULL,NULL
 "BF215","17","15",NULL,NULL,NULL
 "BF229","17","15",NULL,NULL,NULL
 "BF263","17","15",NULL,NULL,NULL
 "BA119","1","15",NULL,NULL,NULL
 "BA077","1","19","1783",NULL,NULL
 "BA151","1","19",NULL,NULL,NULL
 "BA227","1","15",NULL,NULL,NULL
 "BA222","1","15",NULL,NULL,NULL
 "BA114","1","15",NULL,NULL,NULL
 "PC027","34","19",NULL,NULL,NULL
 "PC100","34","6",NULL,NULL,NULL
 "PC112","34","19",NULL,NULL,NULL
 "BA120","1","10","1751",NULL,NULL
 "PC040","34","19",NULL,NULL,NULL
 "PC070","34","19","1757",NULL,NULL
 "PC027","34","10",NULL,NULL,NULL
 "PC028","34","8",NULL,NULL,NULL
 "PC107","34","3",NULL,NULL,NULL
 "PC107","34","11","1757",NULL,NULL
 "PC107","34","10",NULL,NULL,NULL
 "PC107","34","7",NULL,NULL,NULL
 "BA073","1","14","1794",NULL,NULL
 "BA073","1","7","1795",NULL,NULL
 "BA121","1","15",NULL,NULL,NULL
 "BA120","1","3",NULL,NULL,NULL
 "AC141","13","9",NULL,NULL,NULL
 "MW074","21","16","1627","1634 c.","Vienna"
 "BA140","1","10","1799 Jul",NULL,NULL
 "BA036","1","7",NULL,NULL,NULL
 "BA073","1","15",NULL,NULL,NULL
 "BA074","1","18","1803",NULL,NULL
 "BA027","1","14",NULL,"1706",NULL
 "BA144","1","14","1806 Oct",NULL,NULL
 "BA005","1","9","1806 Oct",NULL,NULL
 "LB136","12","1","1655",NULL,NULL
 "LB034","12","1","1699",NULL,NULL
 "LB074","12","1","1809",NULL,NULL
 "LB111","12","1","1819",NULL,NULL
 "LB054","12","1",NULL,NULL,NULL
 "RP051","30","11",NULL,NULL,NULL
 "RP051","30","8",NULL,NULL,NULL
 "RP051","30","18",NULL,NULL,NULL
 "RP051","30","17",NULL,NULL,NULL
 "AP005","23","21",NULL,NULL,NULL
 "PC110","34","7","1739",NULL,NULL
 "PC024","34","17","1729",NULL,NULL
 "PC028","34","19",NULL,NULL,NULL
 "PC066","34","7","1751",NULL,NULL
 "PC112","34","17",NULL,NULL,NULL
 "GP051","25","21",NULL,NULL,NULL
 "PC112","34","7",NULL,NULL,NULL
 "RP052","30","8",NULL,NULL,NULL
 "RP107","30","18",NULL,NULL,NULL
 "AC137","15","14","1648","1666",NULL
 "AC041","13","7",NULL,NULL,NULL
 "AC041","15","9","1648","1655",NULL
 "AC095","15","7",NULL,NULL,NULL
 "AC095","15","14","1651","1654",NULL
 "AC096","15","14",NULL,"1679",NULL
 "MW022","21","10",NULL,NULL,NULL
 "MW022","21","7",NULL,NULL,NULL
 "MW007","21","8",NULL,NULL,NULL
 "MW002","21","21",NULL,NULL,NULL
 "MW027","21","6",NULL,NULL,NULL
 "MW032","21","21",NULL,NULL,NULL
 "MW036","21","7",NULL,NULL,NULL
 "MW036","21","21",NULL,NULL,NULL
 "MW038","21","10",NULL,NULL,NULL
 "MW038","21","7",NULL,NULL,NULL
 "MW046","21","10",NULL,NULL,NULL
 "MW046","21","6",NULL,NULL,NULL
 "MW046","21","21",NULL,NULL,NULL
 "MW051","21","10","1746","1756",NULL
 "MW057","21","19","1790","1810",NULL
 "MW060","21","7",NULL,NULL,NULL
 "MW061","21","10",NULL,NULL,NULL
 "MW061","21","19",NULL,NULL,NULL
 "MW066","21","10",NULL,NULL,NULL
 "MW066","21","7",NULL,NULL,NULL
 "MW076","21","6",NULL,NULL,NULL
 "MW076","21","11",NULL,NULL,NULL
 "MW079","21","18",NULL,NULL,NULL
 "MW084","21","7",NULL,NULL,NULL
 "MW084","21","11",NULL,"1783",NULL
 "MW097","21","6",NULL,NULL,NULL
 "MW101","21","21",NULL,NULL,NULL
 "MW102","21","2",NULL,NULL,NULL
 "MW108","21","19",NULL,NULL,NULL
 "MW119","21","19",NULL,NULL,NULL
 "mw135","21","16","1618","1621","London"
 "MW132","21","7",NULL,NULL,NULL
 "MW165","21","11",NULL,NULL,NULL
 "MW165","21","6",NULL,NULL,NULL
 "MW143","21","18",NULL,NULL,NULL
 "MW062","21","16","1667","1697","was General Superior"
 "MW109","21","10",NULL,NULL,"at Bar Convent, York"
 "MW167","21","16",NULL,NULL,NULL
 "AC042","13","14","1619","1624","left for Bois-le-duc"
 "AC042","13","7","1619","1624","left for Bois-le-duc"
 "BF169","17","10","1694",NULL,NULL
 "BF207","17","17","1694",NULL,NULL
 "BF005","17","8","1773",NULL,NULL
 "BF005","17","5","1776",NULL,NULL
 "BF005","17","17","1779","1812",NULL
 "BF228","17","10","1685","1688",NULL
 "BF228","17","5","1688","1694","prob 1705-6, 1710"
 "BF228","17","3","1688","1692",NULL
 "GP233","17","1","1622","1626","invited to lead the "
 "GP232","17","17","1622","1626",NULL
 "BF253","17","1","1674","1676",NULL
 "BF129","17","1","1801","1830",NULL
 "BF023","17","1","1830","1847",NULL
 "BF135","17","17","1638",NULL,NULL
 "BF002","17","8","1638",NULL,NULL
 "BF002","17","17","1639",NULL,NULL
 "BF002","17","5","1643",NULL,NULL
 "BF017","17","8","1639","1661",NULL
 "BF279","17","8","1639","1641",NULL
 "BF192","17","8","1643","1646",NULL
 "PC124","34","10","1720",NULL,NULL
 "PC124","34","5","1720",NULL,NULL
 "PC124","34","8","1717","1720",NULL
 "RP161","30","8","1659",NULL,NULL
 "BF067","17","17","1705","1708",NULL
 "BF160","17","17","1710",NULL,NULL
 "BF022","17","5","1728",NULL,NULL
 "BF086","17","5","1728","1737",NULL
 "BF086","17","7","1728","1731",NULL
 "BF278","17","5","1728","1758",NULL
 "BF278","17","19","1728","1731",NULL
 "BF062","17","5","1731","1740",NULL
 "BF141","17","5","1731","1752",NULL
 "BF029","17","5","1731","1734",NULL
 "BF278","17","8","1731","1740",NULL
 "BF077","17","8","1731","1734",NULL
 "BF086","17","19","1731","1737",NULL
 "BF161","17","5","1734","1743",NULL
 "BF256","17","17","1746","1749",NULL
 "BF052","17","5","1737",NULL,NULL
 "BF149","17","5","1737","1740",NULL
 "BF178","17","5","1740","1746",NULL
 "BF061","17","6","1733","1741",NULL
 "BF070","17","17","1745","1746",NULL
 "BF257","17","19","1745","1746",NULL
 "BF115","17","5","1746","1749",NULL
 "PC040","34","1","1779","1788",NULL
 "BF073","17","19","1746",NULL,NULL
 "BF063","17","5","1749","1764",NULL
 "BF075","17","8","1749",NULL,NULL
 "BF115","17","17","1749","1761",NULL
 "BF256","17","5","1740","1785",NULL
 "BF150","17","8","1752","1755",NULL
 "BF003","17","8",NULL,NULL,NULL
 "BF016","17","8","1661","1674",NULL
 "BF019","17","6","1758",NULL,NULL
 "BF026","17","19","1797",NULL,NULL
 "BF026","17","5","1821",NULL,NULL
 "BF029","17","17","1734","1737",NULL
 "BF033","17","17","1815",NULL,NULL
 "BF033","17","17","1821",NULL,NULL
 "BF036","17","5","1685","1694",NULL
 "BF053","17","5","1692",NULL,NULL
 "BF058","17","5","1691","1692",NULL
 "BF058","17","5","1705","1706",NULL
 "BF058","17","19","1667",NULL,NULL
 "BF059","17","6","1773","1776",NULL
 "BF060","17","6","1731","1737",NULL
 "BF060","17","6","1740","1743",NULL
 "BF063","17","19","1755","1758",NULL
 "BF066","17","6","1629","1635",NULL
 "BF066","17","21",NULL,NULL,NULL
 "BF068","17","5","1765","1782",NULL
 "BF068","17","8","1765","1782",NULL
 "BF152","17","17","1626","1629",NULL
 "BF070","17","19",NULL,NULL,NULL
 "BF070","17","17","1761","1764",NULL
 "BF070","17","5","1746","1785",NULL
 "BF070","17","8","1737","1740",NULL
 "BF070","17","8","1764","1765",NULL
 "BF078","17","7","1664","1674",NULL
 "PC024","34","21","1701",NULL,NULL
 "PC105","34","6","1701",NULL,NULL
 "BF078","17","17","1674","1691",NULL
 "BF081","17","8","1794",NULL,NULL
 "BF097","17","7","1679","1682",NULL
 "BF098","17","5","1685",NULL,NULL
 "BF098","17","11","1682",NULL,NULL
 "BF098","17","10","1674",NULL,NULL
 "BF100","17","5","1685","1691",NULL
 "BF115","17","19","1740","1746",NULL
 "BF115","17","6","1737","1740",NULL
 "BF119","34","17","1674","1680 Nov","resigned"
 "BF120","17","2",NULL,NULL,NULL
 "BF120","17","6",NULL,NULL,NULL
 "BF122","17","5","1705","1710",NULL
 "BF127","17","5","1638",NULL,NULL
 "BF127","17","17","1653","1661",NULL
 "BF127","17","7","1648","1652",NULL
 "BF127","17","7","1661","1664",NULL
 "BF129","17","7","1779","1782",NULL
 "BF129","17","7","1788","1801",NULL
 "BF129","17","6","1782","1785",NULL
 "BF129","17","8","1785","1788",NULL
 "BF134","17","7","1654","1658",NULL
 "BF199","17","5","1646","1650",NULL
 "BF256","17","19","1734","1737",NULL
 "BF256","17","7","1752","1779",NULL
 "BF259","17","6","1761","1770",NULL
 "BF259","17","19","1755","1758",NULL
 "BF274","17","7","1694","1697",NULL
 "BF262","17","6","1797","1809",NULL
 "BF148","17","7","1782","1788",NULL
 "BF148","17","5","1788","1806",NULL
 "BF150","17","5","1752","1755",NULL
 "BF053","17","19",NULL,NULL,NULL
 "BF151","17","6","1779","1782",NULL
 "BF151","17","17","1782","1812",NULL
 "BF151","17","5","1812","1818",NULL
 "BF157","17","8","1661","1668",NULL
 "BF157","17","19","1668","1674",NULL
 "BF178","17","5","1749","1761",NULL
 "BF180","17","6","1741","1743",NULL
 "BF181","17","10",NULL,NULL,NULL
 "BF188","17","19","1782","1788",NULL
 "BF188","17","8","1788","1801",NULL
 "BF189","17","8","1782","1786",NULL
 "BF189","17","19","1788","1797",NULL
 "BF189","17","5","1788","1816",NULL
 "BF190","17","8","1761","1764",NULL
 "BF190","17","19","1764","1765",NULL
 "BF190","17","8","1765","1770",NULL
 "BF190","17","5","1765","1770",NULL
 "BF192","17","5","1643","1646",NULL
 "BF192","17","1","1646                          ","1647","deposed"
 "BF132","17","6",NULL,NULL,NULL
 "BF132","17","8",NULL,NULL,NULL
 "BF132","17","10",NULL,NULL,NULL
 "BF135","17","8",NULL,NULL,NULL
 "BF207","17","7","1698","1699",NULL
 "BF210","17","8","1803","1812",NULL
 "BF211","17","5","1795","1797",NULL
 "BF211","17","6","1788","1794",NULL
 "BF212","17","17","1737","1740",NULL
 "BF212","17","8","1740","1743",NULL
 "BF212","17","5","1743","1749",NULL
 "BF212","17","5","1753","1770",NULL
 "BF217","17","5","1764","1788",NULL
 "BF221","17","19","1779","1782",NULL
 "BF221","17","5","1773","1782",NULL
 "BF237","17","5","1692",NULL,NULL
 "BF240","17","8","1634","1635",NULL
 "BF253","17","3",NULL,NULL,NULL
 "BF269","17","11","1664","1668",NULL
 "BF269","17","8","1668","1674",NULL
 "BF269","17","10","1674","1679",NULL
 "BF269","17","5","1685","1688",NULL
 "BF269","17","8","1650","1661",NULL
 "BF278","17","8","1743","1746",NULL
 "BF277","17","19","1746","1752",NULL
 "BF277","17","5","1758","1779",NULL
 "BF279","17","7","1642",NULL,NULL
 "BF249","17","8",NULL,NULL,NULL
 "BF249","17","10",NULL,NULL,NULL
 "BF269","17","7",NULL,NULL,NULL
 "BF269","17","19",NULL,NULL,NULL
 "BD026","16","9",NULL,NULL,NULL
 "BF253","17","5","1661",NULL,NULL
 "PC040","34","1","1767","1773",NULL
 "PC090","34","10","1717",NULL,NULL
 "PC056","34","6","1735",NULL,NULL
 "PC056","34","17","1748","1757",NULL
 "PC132","34","6","1754",NULL,NULL
 "PC037","34","19","1735",NULL,NULL
 "PC070","34","21","1741",NULL,NULL
 "PC031","34","21","1748",NULL,NULL
 "MW019","21","16","1633","1666","Munich"
 "MW028","21","10","1623","1628","in Naples"
 "BB039","4","20","1623",NULL,NULL
 "BB094","4","11","1623",NULL,NULL
 "BB086","4","13","1623 c",NULL,NULL
 "BB165","4","8","1623 c",NULL,NULL
 "PC116","34","21","1754",NULL,NULL
 "PC108","34","19","1754",NULL,NULL
 "PC030","34","17","1754","1762",NULL
 "MW011","21","16","1628","1631","Bratislava"
 "mw135","21","16","1623","1624","Naples"
 "MW171","21","7","1623","1627","Naples"
 "PB039","8","9",NULL,NULL,"Prioress for about 5"
 "PC128","34","21","1745","1748",NULL
 "MW025","21","16","1631","1632","Bratislava/Pressburg"
 "MW025","21","16","1624","1628","Cologne"
 "mw030","21","16","1620",NULL,"Lige"
 "mw049","21","16","1666","1683","Munich"
 "mw053","21","16","1630",NULL,"Lige"
 "MW073","21","16","1618",NULL,"Lige"
 "MW017","21","16","1699","1704","Munich"
 "MW017","21","16","1686","1699","York"
 "MW017","21","16","1669","1685","Hammersmith"
 "mw019","21","19","1627","1631","Munich: Headmistress"
 "mw127","21","16","1627","1633","Munich"
 "mw127","21","16","1654","1667","Gen. Sup. Rome & Mun"
 "mw010","21","16","1697","1711","General Superior"
 "mw009","21","16","1711","1720","Superior General"
 "MW073","21","16","1615","1618","the English Mission"
 "DP028","24","21",NULL,NULL,NULL
 "DP030","24","21",NULL,NULL,NULL
 "MW076","21","19",NULL,NULL,"Taught French and wa"
 "rp104","30","5","1737",NULL,NULL
 